Facies,Formation,Depth,GR,ILD_log10,DeltaPHI,PHIND,PE,NM_M,RELPOS,Latitude,Longitude
2,A1 SH,2573.5,118.439,0.674493717,6.3,9.95,3.631,1,1,37.9105826,-101.6464517
2,A1 SH,2574,92.55,0.645225712,9.9,13.05,3.45,1,0.987,37.9105826,-101.6464517
2,A1 SH,2574.5,102.168,0.630020851,12,14.5,3.364,1,0.974,37.9105826,-101.6464517
2,A1 SH,2575,88.898,0.60031933,15.1,16.05,3.187,1,0.961,37.9105826,-101.6464517
2,A1 SH,2575.5,85.493,0.57863921,13.6,15.9,3.099,1,0.947,37.9105826,-101.6464517
2,A1 SH,2576,82.802,0.569958818,13,14.9,3.069,1,0.934,37.9105826,-101.6464517
2,A1 SH,2576.5,84.257,0.576456532,12.7,14.35,3.077,1,0.921,37.9105826,-101.6464517
2,A1 SH,2577,85.349,0.592731766,12.8,14.7,3.101,1,0.908,37.9105826,-101.6464517
2,A1 SH,2577.5,84.317,0.610660163,13.5,15.15,3.078,1,0.895,37.9105826,-101.6464517
2,A1 SH,2578,83.495,0.623766,13.4,15.1,3.062,1,0.882,37.9105826,-101.6464517
2,A1 SH,2578.5,83.696,0.630427875,12.7,14.75,3.074,1,0.868,37.9105826,-101.6464517
2,A1 SH,2579,82.766,0.631342286,12.6,14.4,3.114,1,0.855,37.9105826,-101.6464517
2,A1 SH,2579.5,85.311,0.629817196,12.3,13.95,3.133,1,0.842,37.9105826,-101.6464517
2,A1 SH,2580,87.297,0.627365857,12.1,13.65,3.136,1,0.829,37.9105826,-101.6464517
2,A1 SH,2580.5,85.494,0.622317661,11.6,13.3,3.173,1,0.816,37.9105826,-101.6464517
2,A1 SH,2581,82.907,0.613841822,11.3,13.05,3.179,1,0.803,37.9105826,-101.6464517
2,A1 SH,2581.5,84.398,0.602819342,10.3,12.75,3.121,1,0.789,37.9105826,-101.6464517
2,A1 SH,2582,81.723,0.592176757,9.2,12.6,3.077,1,0.776,37.9105826,-101.6464517
2,A1 SH,2582.5,83.501,0.583538819,8,12.3,3.058,1,0.763,37.9105826,-101.6464517
2,A1 SH,2583,88.667,0.575072326,7.6,12.3,3.067,1,0.75,37.9105826,-101.6464517
2,A1 SH,2583.5,93.129,0.562887381,8,12.8,3.105,1,0.737,37.9105826,-101.6464517
2,A1 SH,2584,90.255,0.542202782,8.8,13.4,3.127,1,0.724,37.9105826,-101.6464517
2,A1 SH,2584.5,87.152,0.510276844,9.6,13.8,3.154,1,0.711,37.9105826,-101.6464517
1,A1 SH,2585,76.105,0.469085299,9.5,13.55,3.211,1,0.697,37.9105826,-101.6464517
1,A1 SH,2585.5,68.911,0.419460073,9,12.9,3.281,1,0.684,37.9105826,-101.6464517
1,A1 SH,2586,60.968,0.366982976,9.1,12.25,3.251,1,0.671,37.9105826,-101.6464517
1,A1 SH,2586.5,58.121,0.314709693,9.6,11.8,3.167,1,0.658,37.9105826,-101.6464517
1,A1 SH,2587,58.57,0.260548373,9.2,12.3,3.159,1,0.645,37.9105826,-101.6464517
1,A1 SH,2587.5,57.287,0.211921084,8.4,13,3.119,1,0.632,37.9105826,-101.6464517
1,A1 SH,2588,60.771,0.172310969,7.5,14.25,3.022,1,0.618,37.9105826,-101.6464517
1,A1 SH,2588.5,64.147,0.1430148,6.7,15.75,2.928,1,0.605,37.9105826,-101.6464517
1,A1 SH,2589,61.211,0.123524981,5.5,16.95,2.892,1,0.592,37.9105826,-101.6464517
1,A1 SH,2589.5,63.105,0.111262514,4.2,17.8,2.892,1,0.579,37.9105826,-101.6464517
1,A1 SH,2590,54.482,0.099335278,3.6,17.2,2.895,1,0.553,37.9105826,-101.6464517
1,A1 SH,2590.5,57.7,0.095866453,4.4,16.6,2.886,1,0.539,37.9105826,-101.6464517
1,A1 SH,2591,62.74,0.091666958,5,16.7,2.881,1,0.526,37.9105826,-101.6464517
1,A1 SH,2591.5,61.915,0.084218687,4.9,17.35,2.838,1,0.513,37.9105826,-101.6464517
1,A1 SH,2592,60.425,0.071882007,4.4,18.6,2.754,1,0.5,37.9105826,-101.6464517
1,A1 SH,2592.5,58.017,0.055760465,3.8,19.6,2.686,1,0.487,37.9105826,-101.6464517
1,A1 SH,2593,55.815,0.03702788,4,20.1,2.617,1,0.474,37.9105826,-101.6464517
1,A1 SH,2593.5,58.413,-0.004364805,2.3,20.25,2.574,1,0.434,37.9105826,-101.6464517
1,A1 SH,2594,60.306,-0.011441043,2.2,19.9,2.571,1,0.421,37.9105826,-101.6464517
1,A1 SH,2594.5,60.198,-0.015922966,2.3,19.95,2.556,1,0.408,37.9105826,-101.6464517
1,A1 SH,2595,56.657,-0.019088062,2.8,20.1,2.552,1,0.395,37.9105826,-101.6464517
1,A1 SH,2595.5,59.459,-0.022733788,2.9,20.25,2.514,1,0.382,37.9105826,-101.6464517
1,A1 SH,2596,59.586,-0.025949097,3.1,20.45,2.508,1,0.368,37.9105826,-101.6464517
1,A1 SH,2596.5,58.077,-0.025949097,3.3,20.65,2.516,1,0.355,37.9105826,-101.6464517
1,A1 SH,2597,59.244,-0.019088062,3.4,20.5,2.581,1,0.342,37.9105826,-101.6464517
1,A1 SH,2597.5,60.552,-0.002613616,3.3,20.45,2.589,1,0.329,37.9105826,-101.6464517
2,A1 SH,2598,63.458,0.02201574,3.6,20.2,2.629,1,0.316,37.9105826,-101.6464517
2,A1 SH,2598.5,66.977,0.055378331,4.2,20.1,2.694,1,0.303,37.9105826,-101.6464517
2,A1 SH,2599,74.958,0.095518042,4.3,19.55,2.702,1,0.289,37.9105826,-101.6464517
2,A1 SH,2599.5,80.42,0.13893394,3.8,18.3,2.694,1,0.276,37.9105826,-101.6464517
2,A1 SH,2600,86.667,0.181843588,4.9,17.05,2.726,1,0.263,37.9105826,-101.6464517
1,A1 SH,2600.5,92.343,0.222196046,6,16.7,2.769,1,0.25,37.9105826,-101.6464517
1,A1 SH,2601,79.336,0.283074975,7.4,17.9,2.844,1,0.224,37.9105826,-101.6464517
1,A1 SH,2601.5,70.243,0.292034436,7,17.2,2.892,1,0.211,37.9105826,-101.6464517
1,A1 SH,2602,63.513,0.287353773,7.1,15.75,2.882,1,0.197,37.9105826,-101.6464517
1,A1 SH,2602.5,65.541,0.273464273,6.3,15.35,2.892,1,0.184,37.9105826,-101.6464517
1,A1 SH,2603,66.595,0.259593879,5.6,15.4,2.912,1,0.171,37.9105826,-101.6464517
1,A1 SH,2603.5,71.108,0.249931757,5.2,15.9,2.835,1,0.158,37.9105826,-101.6464517
2,A1 SH,2604,75.609,0.247482261,5.1,16.25,2.781,1,0.145,37.9105826,-101.6464517
2,A1 SH,2604.5,81.872,0.255272505,5.1,16.15,2.777,1,0.132,37.9105826,-101.6464517
3,A1 SH,2605,90.061,0.273464273,6.4,16.2,2.817,1,0.118,37.9105826,-101.6464517
2,A1 SH,2605.5,95.985,0.300812794,6,18.3,2.74,1,0.105,37.9105826,-101.6464517
2,A1 SH,2606,97.149,0.33405144,2.8,23.5,2.635,1,0.092,37.9105826,-101.6464517
2,A1 SH,2606.5,95.986,0.370698093,5,25.9,2.662,1,0.079,37.9105826,-101.6464517
2,A1 SH,2607,88.553,0.407560849,3.4,24.8,2.735,1,0.066,37.9105826,-101.6464517
2,A1 SH,2607.5,86.023,0.471291711,7,15.6,2.956,1,0.039,37.9105826,-101.6464517
2,A1 SH,2608,88.06,0.503245771,9.7,13.25,3.158,1,0.026,37.9105826,-101.6464517
8,A1 SH,2608.5,85.898,0.540454614,5.1,16.05,3.099,1,0.013,37.9105826,-101.6464517
8,A1 LM,2609,79.427,0.581038949,2.3,19.75,3.154,2,1,37.9105826,-101.6464517
8,A1 LM,2609.5,64.6,0.620552445,2.9,20.95,3.277,2,0.977,37.9105826,-101.6464517
8,A1 LM,2610,58.806,0.655138435,1,18.8,3.564,2,0.955,37.9105826,-101.6464517
8,A1 LM,2610.5,49.85,0.688330818,0.8,13.3,3.996,2,0.932,37.9105826,-101.6464517
8,A1 LM,2611,49.848,0.719911064,1.6,10.2,4.547,2,0.909,37.9105826,-101.6464517
8,A1 LM,2611.5,60.414,0.751894688,2.9,8.75,4.857,2,0.886,37.9105826,-101.6464517
8,A1 LM,2612,73.647,0.787956123,2.4,9.1,4.925,2,0.864,37.9105826,-101.6464517
4,A1 LM,2612.5,87.878,0.824646415,2.3,9.25,4.86,2,0.841,37.9105826,-101.6464517
4,A1 LM,2613,92.819,0.855761372,3.5,8.75,4.534,2,0.818,37.9105826,-101.6464517
4,A1 LM,2613.5,94.398,0.87875152,5.1,8.65,4.305,2,0.795,37.9105826,-101.6464517
4,A1 LM,2614,95.024,0.891983231,8.7,8.85,4.131,2,0.773,37.9105826,-101.6464517
4,A1 LM,2614.5,86.084,0.892428547,11.6,8.8,3.967,2,0.75,37.9105826,-101.6464517
4,A1 LM,2615,89.32,0.885021795,11.8,8.7,3.839,2,0.727,37.9105826,-101.6464517
6,A1 LM,2615.5,95.088,0.877025616,10.7,8.85,3.898,2,0.705,37.9105826,-101.6464517
6,A1 LM,2616,102.887,0.875813389,10.5,8.75,3.973,2,0.682,37.9105826,-101.6464517
4,A1 LM,2616.5,96.204,0.884398826,8,10,3.683,2,0.659,37.9105826,-101.6464517
6,A1 LM,2617,84.082,0.904553263,-0.4,13.8,3.45,2,0.636,37.9105826,-101.6464517
6,A1 LM,2617.5,72.325,0.924434364,-0.9,14.85,3.427,2,0.614,37.9105826,-101.6464517
8,A1 LM,2618,53.939,0.940516485,-3,13.9,3.358,2,0.591,37.9105826,-101.6464517
8,A1 LM,2618.5,44.042,0.960851154,-4.4,10.6,3.343,2,0.568,37.9105826,-101.6464517
8,A1 LM,2619,47.244,0.99237676,-2.7,7.55,3.528,2,0.545,37.9105826,-101.6464517
6,A1 LM,2619.5,54.919,1.033463966,-1.1,6.75,3.841,2,0.523,37.9105826,-101.6464517
6,A1 LM,2620,66.397,1.081995025,-0.6,6.5,3.985,2,0.5,37.9105826,-101.6464517
6,A1 LM,2620.5,77.704,1.120705516,-0.3,6.55,4.171,2,0.477,37.9105826,-101.6464517
6,A1 LM,2621,84.144,1.14245204,0.8,6.3,4.313,2,0.455,37.9105826,-101.6464517
6,A1 LM,2621.5,82.835,1.147026715,2.1,6.05,4.365,2,0.432,37.9105826,-101.6464517
5,A1 LM,2622,77.283,1.141575183,3.3,6.25,4.362,2,0.409,37.9105826,-101.6464517
5,A1 LM,2622.5,74.363,1.132483825,5.5,6.65,4.305,2,0.386,37.9105826,-101.6464517
5,A1 LM,2623,75.024,1.126423654,7.8,7.1,4.188,2,0.364,37.9105826,-101.6464517
5,A1 LM,2623.5,77.016,1.12083706,8.3,7.25,4.147,2,0.341,37.9105826,-101.6464517
5,A1 LM,2624,79.224,1.111967837,6.7,6.65,4.128,2,0.318,37.9105826,-101.6464517
6,A1 LM,2624.5,77.067,1.09961159,4.6,6.2,4.203,2,0.295,37.9105826,-101.6464517
8,A1 LM,2625,71.623,1.086644521,3.3,5.95,4.296,2,0.273,37.9105826,-101.6464517
8,A1 LM,2625.5,63.68,1.07773118,2.2,6.3,4.436,2,0.25,37.9105826,-101.6464517
8,A1 LM,2626,66.183,1.073498399,1.9,6.85,4.525,2,0.227,37.9105826,-101.6464517
8,A1 LM,2626.5,68.669,1.074560468,1.7,7.05,4.633,2,0.205,37.9105826,-101.6464517
6,A1 LM,2627,76.803,1.08546897,1.9,6.65,4.612,2,0.182,37.9105826,-101.6464517
6,A1 LM,2627.5,81.088,1.107345665,1.9,6.25,4.6,2,0.159,37.9105826,-101.6464517
5,A1 LM,2628,85.869,1.13219563,2.3,5.75,4.549,2,0.136,37.9105826,-101.6464517
6,A1 LM,2628.5,81.391,1.146314122,3.6,5.3,4.442,2,0.114,37.9105826,-101.6464517
6,A1 LM,2629,75.871,1.115244285,4.2,5.3,4.256,2,0.091,37.9105826,-101.6464517
6,A1 LM,2629.5,69.179,1.02341709,3.4,6,4.001,2,0.068,37.9105826,-101.6464517
6,A1 LM,2630,73.616,0.888740961,2.9,7.05,3.812,2,0.045,37.9105826,-101.6464517
6,A1 LM,2630.5,73.916,0.770189023,2.4,8.9,3.542,2,0.023,37.9105826,-101.6464517
3,B1 SH,2631,87.408,0.678700435,-1.8,14.4,3.101,1,1,37.9105826,-101.6464517
3,B1 SH,2632.5,122.568,0.578753784,-16.4,71.7,0.99,1,0.955,37.9105826,-101.6464517
2,B1 SH,2633,120.345,0.568319085,2,84.4,0.833,1,0.939,37.9105826,-101.6464517
2,B1 SH,2633.5,109.836,0.56205483,1.5,81.65,0.852,1,0.924,37.9105826,-101.6464517
2,B1 SH,2634,94.623,0.566437492,-10.3,65.85,1.234,1,0.909,37.9105826,-101.6464517
2,B1 SH,2634.5,85.419,0.593396842,-14.5,50.85,1.787,1,0.894,37.9105826,-101.6464517
2,B1 SH,2635,79.451,0.649042634,-13.6,39.4,2.36,1,0.879,37.9105826,-101.6464517
2,B1 SH,2635.5,73.811,0.728678367,-11,31.6,2.806,1,0.864,37.9105826,-101.6464517
2,B1 SH,2636,69.518,0.812646016,-5.5,23.85,3.236,1,0.848,37.9105826,-101.6464517
2,B1 SH,2636.5,62.166,0.879497287,-1.7,17.85,3.542,1,0.833,37.9105826,-101.6464517
2,B1 SH,2637,59.183,0.90982337,2.2,13.5,3.762,1,0.818,37.9105826,-101.6464517
2,B1 SH,2637.5,61.178,0.899163641,3.9,10.35,3.803,1,0.803,37.9105826,-101.6464517
2,B1 SH,2638,63.124,0.870637963,6.5,8.15,3.8,1,0.788,37.9105826,-101.6464517
2,B1 SH,2638.5,68.801,0.837272703,9.7,7.45,3.776,1,0.773,37.9105826,-101.6464517
2,B1 SH,2639,74.956,0.806451323,8.2,11,3.689,1,0.758,37.9105826,-101.6464517
2,B1 SH,2639.5,73.741,0.779307828,11,13,3.693,1,0.742,37.9105826,-101.6464517
2,B1 SH,2640,70.887,0.757851344,7.2,15.9,3.59,1,0.727,37.9105826,-101.6464517
2,B1 SH,2640.5,66.106,0.738859802,6.9,16.25,3.598,1,0.712,37.9105826,-101.6464517
2,B1 SH,2641,61.301,0.720655357,6.1,15.55,3.544,1,0.697,37.9105826,-101.6464517
2,B1 SH,2641.5,62.447,0.70612011,7.1,12.65,3.731,1,0.682,37.9105826,-101.6464517
2,B1 SH,2642,66.43,0.697490887,9,10.4,3.811,1,0.667,37.9105826,-101.6464517
2,B1 SH,2642.5,66.115,0.696618459,3.6,14,3.675,1,0.652,37.9105826,-101.6464517
2,B1 SH,2643,69.423,0.698883137,0.5,17.65,3.533,1,0.636,37.9105826,-101.6464517
2,B1 SH,2643.5,69.913,0.697316542,0.2,17.8,3.564,1,0.621,37.9105826,-101.6464517
2,B1 SH,2644,69.283,0.692318044,1.3,15.35,3.592,1,0.606,37.9105826,-101.6464517
3,B1 SH,2644.5,66.611,0.683317262,6,11.7,3.575,1,0.591,37.9105826,-101.6464517
3,B1 SH,2645,65.698,0.671265433,7.5,10.45,3.552,1,0.576,37.9105826,-101.6464517
1,B1 SH,2645.5,60.898,0.651181062,6.7,9.05,3.482,1,0.561,37.9105826,-101.6464517
1,B1 SH,2646,54.422,0.623869268,4.1,8.15,3.375,1,0.545,37.9105826,-101.6464517
1,B1 SH,2646.5,52.522,0.589502796,2.1,8.05,3.292,1,0.53,37.9105826,-101.6464517
1,B1 SH,2647,47.697,0.546048866,0.7,8.75,3.231,1,0.515,37.9105826,-101.6464517
1,B1 SH,2647.5,49.447,0.497067936,1.1,9.05,3.301,1,0.5,37.9105826,-101.6464517
1,B1 SH,2648,51.292,0.441066407,2.5,8.85,3.356,1,0.485,37.9105826,-101.6464517
1,B1 SH,2648.5,50.455,0.386498966,3.5,9.15,3.364,1,0.47,37.9105826,-101.6464517
1,B1 SH,2649,49.664,0.334654767,4.4,10.4,3.311,1,0.455,37.9105826,-101.6464517
1,B1 SH,2649.5,51.814,0.285782274,5.1,12.05,3.228,1,0.439,37.9105826,-101.6464517
1,B1 SH,2650,50.33,0.237543738,5.1,13.65,3.093,1,0.424,37.9105826,-101.6464517
1,B1 SH,2650.5,55.273,0.194514342,5,15,2.925,1,0.409,37.9105826,-101.6464517
1,B1 SH,2651,57.158,0.15715444,4.5,16.15,2.785,1,0.394,37.9105826,-101.6464517
1,B1 SH,2651.5,58.471,0.123524981,4.9,17.15,2.723,1,0.379,37.9105826,-101.6464517
1,B1 SH,2652,60.956,0.09482038,4.8,17.7,2.697,1,0.364,37.9105826,-101.6464517
1,B1 SH,2652.5,61.142,0.070776463,4.2,18.3,2.653,1,0.348,37.9105826,-101.6464517
1,B1 SH,2653,65.743,0.050766311,3.2,19,2.651,1,0.333,37.9105826,-101.6464517
1,B1 SH,2653.5,62.268,0.034227261,3.3,19.15,2.657,1,0.318,37.9105826,-101.6464517
1,B1 SH,2654,60.073,0.021189299,2.9,19.45,2.67,1,0.303,37.9105826,-101.6464517
1,B1 SH,2654.5,58.534,0.011147361,2.8,19.8,2.648,1,0.288,37.9105826,-101.6464517
1,B1 SH,2655,55.719,0.004321374,2.9,19.85,2.676,1,0.273,37.9105826,-101.6464517
1,B1 SH,2655.5,53.799,0.002166062,2.8,20,2.674,1,0.258,37.9105826,-101.6464517
1,B1 SH,2656,57.85,0.005180513,2.8,19.9,2.681,1,0.242,37.9105826,-101.6464517
1,B1 SH,2656.5,59.106,0.01494035,3,19.6,2.74,1,0.227,37.9105826,-101.6464517
1,B1 SH,2657,61.935,0.034227261,2.7,19.35,2.762,1,0.212,37.9105826,-101.6464517
1,B1 SH,2657.5,69.304,0.061452479,3,19.3,2.776,1,0.197,37.9105826,-101.6464517
1,B1 SH,2658,79.289,0.098297536,3.1,18.85,2.777,1,0.182,37.9105826,-101.6464517
1,B1 SH,2658.5,88.876,0.145817714,4.6,18.9,2.773,1,0.167,37.9105826,-101.6464517
1,B1 SH,2659,92.783,0.197831693,4.6,21.3,2.59,1,0.152,37.9105826,-101.6464517
2,B1 SH,2659.5,95.363,0.255031163,-6.2,30.7,2.293,1,0.136,37.9105826,-101.6464517
4,B1 SH,2660,94.469,0.308350949,-8,33.6,2.28,1,0.121,37.9105826,-101.6464517
2,B1 SH,2660.5,87.7,0.351022853,-13.3,30.25,2.339,1,0.106,37.9105826,-101.6464517
2,B1 SH,2661,88.51,0.380573003,-16.9,25.75,2.43,1,0.091,37.9105826,-101.6464517
2,B1 SH,2661.5,97.562,0.404833717,-5.6,18.5,2.664,1,0.076,37.9105826,-101.6464517
2,B1 SH,2662,97.562,0.404833717,-5.6,18.5,2.664,1,0.076,37.9105826,-101.6464517
2,B1 SH,2662.5,106.601,0.424064525,4.7,14.25,3.032,1,0.061,37.9105826,-101.6464517
2,B1 SH,2663,110.258,0.44684771,8.6,14.4,3.098,1,0.045,37.9105826,-101.6464517
3,B1 SH,2663.5,112.1,0.473048805,12.1,15.75,3.151,1,0.03,37.9105826,-101.6464517
4,B1 SH,2664,104.128,0.501333179,12.5,17.35,3.15,1,0.015,37.9105826,-101.6464517
5,B1 LM,2664.5,84.133,0.529173603,11.7,16.45,3.231,2,1,37.9105826,-101.6464517
6,B1 LM,2665,68.131,0.564547712,7.5,13.35,3.302,2,0.9,37.9105826,-101.6464517
6,B1 LM,2665.5,57.115,0.607133204,4.1,9.75,3.384,2,0.8,37.9105826,-101.6464517
6,B1 LM,2666,46.425,0.671635597,0.6,8.1,3.406,2,0.7,37.9105826,-101.6464517
6,B1 LM,2666.5,47.71,0.760271661,-0.6,7.3,3.459,2,0.6,37.9105826,-101.6464517
6,B1 LM,2667,50.855,0.838219222,-1,7,3.494,2,0.5,37.9105826,-101.6464517
6,B1 LM,2667.5,55.715,0.912434633,-0.9,6.85,3.587,2,0.4,37.9105826,-101.6464517
8,B1 LM,2668,65.186,0.927626962,-0.5,6.55,3.745,2,0.3,37.9105826,-101.6464517
8,B1 LM,2668.5,79.03,0.906227263,0.3,5.75,3.903,2,0.2,37.9105826,-101.6464517
8,B1 LM,2669,90.953,0.879497287,1.5,5.75,3.908,2,0.1,37.9105826,-101.6464517
8,B1 LM,2669.5,95.638,0.85691006,-6.1,11.95,3.23,1,1,37.9105826,-101.6464517
1,B2 SH,2671,74.534,0.793301354,-19.5,36.35,2.242,1,0.944,37.9105826,-101.6464517
1,B2 SH,2672,61.681,0.69609416,-14.7,20.55,2.479,1,0.907,37.9105826,-101.6464517
1,B2 SH,2672.5,56.95,0.662946614,-1.4,12.2,2.981,1,0.889,37.9105826,-101.6464517
1,B2 SH,2673,58.099,0.652826303,4.9,9.55,3.099,1,0.87,37.9105826,-101.6464517
1,B2 SH,2673.5,60.606,0.653501947,5.5,10.35,3.038,1,0.852,37.9105826,-101.6464517
1,B2 SH,2674,63.963,0.65571455,6,11.5,3.029,1,0.833,37.9105826,-101.6464517
1,B2 SH,2674.5,67.625,0.656002321,7.3,11.95,3.079,1,0.815,37.9105826,-101.6464517
1,B2 SH,2675,73.272,0.656385719,8.7,11.45,3.138,1,0.796,37.9105826,-101.6464517
2,B2 SH,2675.5,76.418,0.661718058,9.4,10.6,3.296,1,0.778,37.9105826,-101.6464517
2,B2 SH,2676,73.595,0.677150521,10.7,9.75,3.46,1,0.759,37.9105826,-101.6464517
2,B2 SH,2676.5,71.789,0.70457945,11.9,9.15,3.626,1,0.741,37.9105826,-101.6464517
2,B2 SH,2677,66.261,0.736316808,11.5,8.95,3.726,1,0.722,37.9105826,-101.6464517
2,B2 SH,2677.5,66.621,0.76604086,9.5,8.45,3.83,1,0.704,37.9105826,-101.6464517
2,B2 SH,2678,60.802,0.790636962,8.2,7.7,3.856,1,0.685,37.9105826,-101.6464517
2,B2 SH,2678.5,58.173,0.807737922,7.7,7.55,3.853,1,0.667,37.9105826,-101.6464517
2,B2 SH,2679,60.075,0.819938569,8.4,7.8,3.875,1,0.648,37.9105826,-101.6464517
2,B2 SH,2679.5,64.145,0.831421817,7.6,9.4,3.692,1,0.63,37.9105826,-101.6464517
2,B2 SH,2680,66.009,0.840858554,4.9,12.15,3.626,1,0.611,37.9105826,-101.6464517
2,B2 SH,2680.5,64.883,0.846460825,5.8,12.1,3.605,1,0.593,37.9105826,-101.6464517
2,B2 SH,2681,63.606,0.845160078,4.5,11.45,3.543,1,0.574,37.9105826,-101.6464517
2,B2 SH,2681.5,61.526,0.834102656,6.9,8.35,3.551,1,0.556,37.9105826,-101.6464517
1,B2 SH,2682,61.163,0.819083076,6.2,7,3.511,1,0.537,37.9105826,-101.6464517
1,B2 SH,2682.5,57.268,0.802294711,5.5,6.25,3.498,1,0.519,37.9105826,-101.6464517
1,B2 SH,2683,61.245,0.782185866,4.2,6.7,3.473,1,0.5,37.9105826,-101.6464517
1,B2 SH,2683.5,60.758,0.757775491,4.2,7,3.479,1,0.481,37.9105826,-101.6464517
1,B2 SH,2684,58.844,0.722880611,5,7.1,3.528,1,0.463,37.9105826,-101.6464517
1,B2 SH,2684.5,62.816,0.686546899,6.2,7.1,3.561,1,0.444,37.9105826,-101.6464517
1,B2 SH,2685,68.881,0.651471852,7.2,7.6,3.626,1,0.426,37.9105826,-101.6464517
1,B2 SH,2685.5,75.51,0.625826713,9,8.7,3.652,1,0.407,37.9105826,-101.6464517
2,B2 SH,2686,83.396,0.607025878,9.8,10.9,3.594,1,0.389,37.9105826,-101.6464517
2,B2 SH,2686.5,80.594,0.592953572,2.5,17.95,3.367,1,0.37,37.9105826,-101.6464517
2,B2 SH,2687,81.894,0.583198774,2.1,20.25,3.34,1,0.352,37.9105826,-101.6464517
2,B2 SH,2687.5,78.444,0.57818061,0.3,20.85,3.315,1,0.333,37.9105826,-101.6464517
2,B2 SH,2688,64.898,0.577146985,0.2,19.9,3.404,1,0.315,37.9105826,-101.6464517
5,B2 SH,2688.5,59.734,0.578868329,6.5,16.15,3.524,1,0.296,37.9105826,-101.6464517
5,B2 SH,2689,52.386,0.581494542,9.9,13.85,3.578,1,0.278,37.9105826,-101.6464517
5,B2 SH,2689.5,50.751,0.585573519,11.4,11.7,3.553,1,0.259,37.9105826,-101.6464517
5,B2 SH,2690,50.034,0.593175263,10.8,10.5,3.491,1,0.241,37.9105826,-101.6464517
1,B2 SH,2690.5,56.46,0.60498163,11.2,9.6,3.425,1,0.222,37.9105826,-101.6464517
1,B2 SH,2691,63.25,0.620448385,10.2,10.5,3.326,1,0.204,37.9105826,-101.6464517
1,B2 SH,2691.5,69.671,0.63748973,11.4,11,3.358,1,0.185,37.9105826,-101.6464517
2,B2 SH,2692,76.313,0.653887558,7.9,13.35,3.218,1,0.167,37.9105826,-101.6464517
1,B2 SH,2692.5,79.579,0.670338641,3.7,16.55,3.144,1,0.148,37.9105826,-101.6464517
1,B2 SH,2693,81.01,0.688686724,4,17,3.17,1,0.13,37.9105826,-101.6464517
1,B2 SH,2693.5,80.243,0.708250889,3.1,15.85,3.208,1,0.111,37.9105826,-101.6464517
1,B2 SH,2694,79.301,0.726564216,5.1,13.05,3.25,1,0.093,37.9105826,-101.6464517
1,B2 SH,2694.5,82.884,0.74225367,5.9,11.65,3.288,1,0.074,37.9105826,-101.6464517
4,B2 SH,2695,90.179,0.74733411,7,10.9,3.414,1,0.056,37.9105826,-101.6464517
4,B2 SH,2695.5,94.523,0.737987326,7.3,11.15,3.399,1,0.037,37.9105826,-101.6464517
3,B3 SH,2696,101.324,0.715585552,6,12.4,3.374,1,0.019,37.9105826,-101.6464517
3,B3 SH,2696.5,103.582,0.682866796,6.6,12.4,3.4,2,1,37.9105826,-101.6464517
3,B3 SH,2696.5,103.582,0.682866796,6.6,12.4,3.4,1,1,37.9105826,-101.6464517
3,B3 SH,2697,104.803,0.653405491,8.5,11.55,3.496,1,0.98,37.9105826,-101.6464517
2,B3 SH,2697.5,104.224,0.631849462,7.2,13.1,3.429,1,0.96,37.9105826,-101.6464517
2,B3 SH,2698,101.678,0.617943435,-2.9,20.35,3.13,1,0.94,37.9105826,-101.6464517
2,B3 SH,2698.5,97.407,0.609167374,-6.8,24.7,3.058,1,0.92,37.9105826,-101.6464517
2,B3 SH,2699,92.733,0.60162548,-7.4,26.3,3.031,1,0.9,37.9105826,-101.6464517
2,B3 SH,2699.5,83.768,0.595826777,-7.3,24.75,3.03,1,0.88,37.9105826,-101.6464517
1,B3 SH,2700,77.536,0.594723946,-3.6,20,3.097,1,0.86,37.9105826,-101.6464517
1,B3 SH,2700.5,69.255,0.600864036,3.5,13.55,3.285,1,0.84,37.9105826,-101.6464517
1,B3 SH,2701,67.651,0.613947477,5.3,9.75,3.305,1,0.82,37.9105826,-101.6464517
1,B3 SH,2701.5,61.798,0.630529571,3.3,8.75,3.25,1,0.8,37.9105826,-101.6464517
1,B3 SH,2702,65.298,0.644832329,3.6,7.4,3.243,1,0.78,37.9105826,-101.6464517
1,B3 SH,2702.5,70.602,0.652149605,1.8,8.2,3.186,1,0.76,37.9105826,-101.6464517
1,B3 SH,2703,74.65,0.651181062,0.9,8.75,3.183,1,0.74,37.9105826,-101.6464517
1,B3 SH,2703.5,82.586,0.643748685,1.9,8.75,3.223,1,0.72,37.9105826,-101.6464517
1,B3 SH,2704,85.453,0.631849462,4.4,9,3.328,1,0.7,37.9105826,-101.6464517
2,B3 SH,2704.5,87.75,0.617210095,3.4,11.9,3.273,1,0.68,37.9105826,-101.6464517
2,B3 SH,2705,80.848,0.600864036,2.7,14.35,3.226,1,0.66,37.9105826,-101.6464517
1,B3 SH,2705.5,74.017,0.582063363,2.9,14.45,3.227,1,0.64,37.9105826,-101.6464517
1,B3 SH,2706,66.265,0.564429327,2.1,13.05,3.214,1,0.62,37.9105826,-101.6464517
1,B3 SH,2706.5,61.466,0.549003262,1.8,11.6,3.159,1,0.6,37.9105826,-101.6464517
1,B3 SH,2707,59.274,0.536937023,0.8,11.8,3.151,1,0.58,37.9105826,-101.6464517
1,B3 SH,2707.5,64.14,0.526855987,1.8,11.6,3.166,1,0.56,37.9105826,-101.6464517
1,B3 SH,2708,68.186,0.519040039,2,11.8,3.162,1,0.54,37.9105826,-101.6464517
1,B3 SH,2708.5,67.541,0.513883186,3,11.4,3.131,1,0.52,37.9105826,-101.6464517
2,B3 SH,2709,75.398,0.512684396,3.1,11.35,3.138,1,0.5,37.9105826,-101.6464517
2,B3 SH,2709.5,78.406,0.514149134,4.1,11.15,3.157,1,0.48,37.9105826,-101.6464517
2,B3 SH,2710,77.553,0.515211304,5.6,10.8,3.179,1,0.46,37.9105826,-101.6464517
2,B3 SH,2710.5,80.089,0.513883186,6.1,11.45,3.146,1,0.44,37.9105826,-101.6464517
2,B3 SH,2711,79.586,0.508664363,6.1,12.85,3.113,1,0.42,37.9105826,-101.6464517
2,B3 SH,2711.5,77.446,0.498586209,7,13.6,3.118,1,0.4,37.9105826,-101.6464517
1,B3 SH,2712,73.11,0.48301642,6.1,13.55,3.057,1,0.38,37.9105826,-101.6464517
1,B3 SH,2712.5,70.966,0.461648568,5.5,12.65,3.025,1,0.36,37.9105826,-101.6464517
1,B3 SH,2713,72.519,0.436480695,4.4,12.4,3.007,1,0.34,37.9105826,-101.6464517
1,B3 SH,2713.5,74.218,0.407730728,4.2,12.2,3.028,1,0.32,37.9105826,-101.6464517
1,B3 SH,2714,74.141,0.380753771,4.3,12.65,3.047,1,0.3,37.9105826,-101.6464517
1,B3 SH,2714.5,73.672,0.356599436,4.2,13.2,3.054,1,0.28,37.9105826,-101.6464517
1,B3 SH,2715,71.336,0.338057875,4.4,13.7,3.089,1,0.26,37.9105826,-101.6464517
1,B3 SH,2715.5,74.053,0.326540669,4.2,14,3.112,1,0.24,37.9105826,-101.6464517
1,B3 SH,2716,77.997,0.323045735,3.9,14.35,3.086,1,0.22,37.9105826,-101.6464517
1,B3 SH,2716.5,78.993,0.326949994,4.3,14.35,3.084,1,0.2,37.9105826,-101.6464517
1,B3 SH,2717,82.324,0.33725954,4.3,14.65,3.049,1,0.18,37.9105826,-101.6464517
1,B3 SH,2717.5,86.724,0.353531559,4.4,14.5,3.011,1,0.16,37.9105826,-101.6464517
2,B3 SH,2718,91.378,0.372727941,3.9,15.65,2.956,1,0.14,37.9105826,-101.6464517
2,B3 SH,2718.5,93.209,0.395675785,-7.1,22.85,2.692,1,0.12,37.9105826,-101.6464517
2,B3 SH,2719,99.065,0.419790586,-8.9,27.15,2.627,1,0.1,37.9105826,-101.6464517
3,B3 SH,2719.5,100.457,0.444513206,-6.4,29,2.722,1,0.08,37.9105826,-101.6464517
3,B3 SH,2720,93.08,0.46612587,-6.3,29.65,2.857,1,0.06,37.9105826,-101.6464517
2,B4 SH,2720.5,84.469,0.481299273,-2.8,26.3,3.057,1,0.04,37.9105826,-101.6464517
2,B4 SH,2721,78.955,0.484726804,5.8,21,3.365,1,0.02,37.9105826,-101.6464517
2,B4 SH,2721.5,74.66,0.474653253,9,17.7,3.515,1,1,37.9105826,-101.6464517
2,B4 SH,2721.5,74.66,0.474653253,9,17.7,3.515,2,1,37.9105826,-101.6464517
2,B4 SH,2722,72.493,0.45331834,11.2,14.1,3.513,1,0.982,37.9105826,-101.6464517
2,B4 SH,2722.5,71.798,0.421768401,9.8,13.1,3.388,1,0.964,37.9105826,-101.6464517
2,B4 SH,2723,68.403,0.386677284,7.5,12.85,3.256,1,0.946,37.9105826,-101.6464517
2,B4 SH,2723.5,65.671,0.350441857,7,12.5,3.145,1,0.929,37.9105826,-101.6464517
1,B4 SH,2724,61.233,0.317645543,7,12.4,3.013,1,0.911,37.9105826,-101.6464517
1,B4 SH,2724.5,56.061,0.286680969,4.9,14.35,2.841,1,0.893,37.9105826,-101.6464517
1,B4 SH,2725,55.568,0.260071388,4.7,16.15,2.776,1,0.875,37.9105826,-101.6464517
1,B4 SH,2725.5,51.105,0.236789099,4.3,17.75,2.718,1,0.857,37.9105826,-101.6464517
1,B4 SH,2726,48.131,0.219584526,2.9,17.65,2.705,1,0.839,37.9105826,-101.6464517
1,B4 SH,2726.5,52.326,0.206556044,1.1,16.95,2.708,1,0.821,37.9105826,-101.6464517
1,B4 SH,2727,53.823,0.197556213,0.6,16.2,2.762,1,0.804,37.9105826,-101.6464517
1,B4 SH,2727.5,56.018,0.191171456,1.1,15.75,2.831,1,0.786,37.9105826,-101.6464517
1,B4 SH,2728,56.541,0.183554534,1,15.6,2.885,1,0.768,37.9105826,-101.6464517
1,B4 SH,2728.5,54.188,0.173186268,1.1,15.75,2.953,1,0.75,37.9105826,-101.6464517
1,B4 SH,2729,54.345,0.160168293,1.4,16.2,2.975,1,0.732,37.9105826,-101.6464517
1,B4 SH,2729.5,54.682,0.145507171,2.1,16.85,2.965,1,0.714,37.9105826,-101.6464517
1,B4 SH,2730,58.663,0.13225969,2.6,17.6,2.954,1,0.696,37.9105826,-101.6464517
1,B4 SH,2730.5,64.45,0.12515583,3.7,18.15,2.967,1,0.679,37.9105826,-101.6464517
1,B4 SH,2731,63.074,0.12515583,4.5,18.25,2.916,1,0.661,37.9105826,-101.6464517
1,B4 SH,2731.5,62.461,0.136403448,4.4,18.2,2.883,1,0.643,37.9105826,-101.6464517
1,B4 SH,2732,61.969,0.157456768,4.2,17.8,2.863,1,0.625,37.9105826,-101.6464517
1,B4 SH,2732.5,62.436,0.18582536,3.7,17.25,2.887,1,0.607,37.9105826,-101.6464517
1,B4 SH,2733,74.047,0.218797998,3.9,16.55,2.893,1,0.589,37.9105826,-101.6464517
1,B4 SH,2733.5,84.98,0.2509077,4.7,15.75,2.885,1,0.571,37.9105826,-101.6464517
2,B4 SH,2734,95.575,0.278524965,5.5,15.35,2.879,1,0.554,37.9105826,-101.6464517
2,B4 SH,2734.5,96.582,0.294245716,6.5,15.05,2.872,1,0.536,37.9105826,-101.6464517
1,B4 SH,2735,89.201,0.29578694,6.9,15.35,2.841,1,0.518,37.9105826,-101.6464517
1,B4 SH,2735.5,77.631,0.284656283,6.3,15.15,2.845,1,0.5,37.9105826,-101.6464517
1,B4 SH,2736,67.782,0.267640982,4.6,15,2.837,1,0.482,37.9105826,-101.6464517
1,B4 SH,2736.5,60.967,0.251881455,3.6,15.2,2.82,1,0.464,37.9105826,-101.6464517
1,B4 SH,2737,58.641,0.239299479,3.7,15.85,2.814,1,0.446,37.9105826,-101.6464517
1,B4 SH,2737.5,56.283,0.229681842,3.2,16.6,2.835,1,0.429,37.9105826,-101.6464517
1,B4 SH,2738,52.97,0.220631019,2.5,16.65,2.868,1,0.411,37.9105826,-101.6464517
1,B4 SH,2738.5,53.057,0.212187604,2.2,15.4,2.933,1,0.393,37.9105826,-101.6464517
1,B4 SH,2739,52.373,0.20709554,2.2,14,2.968,1,0.375,37.9105826,-101.6464517
1,B4 SH,2739.5,53.622,0.206825876,3.2,13.2,3.018,1,0.357,37.9105826,-101.6464517
1,B4 SH,2740,56.168,0.209783015,5,13.1,3.02,1,0.339,37.9105826,-101.6464517
1,B4 SH,2740.5,58.593,0.210586025,5.6,14.2,2.992,1,0.321,37.9105826,-101.6464517
1,B4 SH,2741,59.201,0.206556044,6,15.8,2.927,1,0.304,37.9105826,-101.6464517
1,B4 SH,2741.5,63.468,0.194514342,5.8,17.2,2.877,1,0.286,37.9105826,-101.6464517
1,B4 SH,2742,64.174,0.17868924,5.8,18,2.869,1,0.268,37.9105826,-101.6464517
1,B4 SH,2742.5,65.156,0.165244326,5.8,18.1,2.889,1,0.25,37.9105826,-101.6464517
1,B4 SH,2743,68.686,0.15715444,5.7,17.75,2.919,1,0.232,37.9105826,-101.6464517
1,B4 SH,2743.5,69.944,0.159867847,5.7,17.05,2.919,1,0.214,37.9105826,-101.6464517
1,B4 SH,2744,69.911,0.171433901,5.2,16.3,2.908,1,0.196,37.9105826,-101.6464517
1,B4 SH,2744.5,75.088,0.191730393,4.8,16.4,2.876,1,0.179,37.9105826,-101.6464517
1,B4 SH,2745,79.094,0.220369632,4.9,16.25,2.888,1,0.161,37.9105826,-101.6464517
1,B4 SH,2745.5,76.407,0.250420002,4.9,15.75,2.879,1,0.143,37.9105826,-101.6464517
1,B4 SH,2746,76.877,0.282848603,4.9,15.25,2.873,1,0.125,37.9105826,-101.6464517
1,B4 SH,2746.5,79.285,0.313234292,5.1,14.75,2.849,1,0.107,37.9105826,-101.6464517
1,B4 SH,2747,84.41,0.345177617,5.7,15.15,2.854,1,0.089,37.9105826,-101.6464517
2,B4 SH,2747.5,90.404,0.378579576,-3.7,21.05,2.581,1,0.071,37.9105826,-101.6464517
2,B4 SH,2748,94.686,0.410608543,-12.8,28,2.442,1,0.054,37.9105826,-101.6464517
2,B4 SH,2748.5,94.686,0.410608543,-12.8,28,2.442,1,0.054,37.9105826,-101.6464517
3,B4 SH,2749,93.268,0.441695136,-12.6,29.9,2.512,1,0.036,37.9105826,-101.6464517
3,B4 SH,2749.5,83.245,0.472317546,-14.3,30.15,2.609,1,0.018,37.9105826,-101.6464517
5,B4 LM,2750,66.187,0.510410948,-12.8,28,2.788,2,1,37.9105826,-101.6464517
5,B4 LM,2750.5,51.12,0.559068334,2,20,3.32,2,0.9,37.9105826,-101.6464517
8,B4 LM,2751,37.073,0.611085733,4.4,16.5,3.715,2,0.8,37.9105826,-101.6464517
8,B4 LM,2751.5,26.393,0.657820456,6,10.4,3.97,2,0.7,37.9105826,-101.6464517
8,B4 LM,2752,22.444,0.685920792,4.6,6.4,4.177,2,0.6,37.9105826,-101.6464517
6,B4 LM,2752.5,23.628,0.692318044,5.5,3.25,4.305,2,0.5,37.9105826,-101.6464517
6,B4 LM,2753,25.698,0.682325619,4.7,2.95,4.388,2,0.4,37.9105826,-101.6464517
6,B4 LM,2753.5,38.392,0.66143405,3.7,4.35,4.193,2,0.3,37.9105826,-101.6464517
6,B4 LM,2754,54.121,0.640580806,0.4,8.7,3.496,2,0.2,37.9105826,-101.6464517
3,B5 SH,2754.5,64.146,0.621799224,-18.7,23.45,2.502,2,0.1,37.9105826,-101.6464517
2,B5 SH,2757,74.567,0.537441283,-8.1,17.75,2.736,1,0.808,37.9105826,-101.6464517
2,B5 SH,2757.5,79.038,0.543695632,5.4,10.2,3.13,1,0.769,37.9105826,-101.6464517
2,B5 SH,2758,83.075,0.550228353,2.7,13.35,2.941,1,0.731,37.9105826,-101.6464517
2,B5 SH,2758.5,86.756,0.550717423,-12.8,25.1,2.358,1,0.692,37.9105826,-101.6464517
3,B5 SH,2759,89.346,0.540954809,-18.1,33.55,2.155,1,0.654,37.9105826,-101.6464517
3,B5 SH,2759.5,85.942,0.524915148,-16.5,39.85,2.099,1,0.615,37.9105826,-101.6464517
3,B5 SH,2760,86.528,0.507180977,-16.5,41.35,2.15,1,0.577,37.9105826,-101.6464517
3,B5 SH,2760.5,91.581,0.496098992,-18.6,38.7,2.311,1,0.538,37.9105826,-101.6464517
3,B5 SH,2761,104.216,0.495821753,-14.3,33.35,2.7,1,0.5,37.9105826,-101.6464517
3,B5 SH,2761.5,103.144,0.505556939,-10.7,31.05,2.907,1,0.462,37.9105826,-101.6464517
3,B5 SH,2762,99.94,0.526210004,-3.3,28.45,3.141,1,0.423,37.9105826,-101.6464517
3,B5 SH,2762.5,95.45,0.552668216,1.7,24.85,3.388,1,0.385,37.9105826,-101.6464517
3,B5 SH,2763,81.581,0.581152892,-0.6,23.3,3.44,1,0.346,37.9105826,-101.6464517
3,B5 SH,2763.5,76.264,0.591843411,5.5,18.85,3.708,1,0.269,37.9105826,-101.6464517
3,B5 SH,2764,75.003,0.540079089,5.7,17.85,3.662,1,0.231,37.9105826,-101.6464517
3,B5 SH,2764.5,74.701,0.46746011,7.9,16.65,3.628,1,0.192,37.9105826,-101.6464517
3,B5 SH,2765,77.666,0.384532615,5.2,18.1,3.201,1,0.154,37.9105826,-101.6464517
5,B5 SH,2765.5,75.264,0.326130957,-10.6,27.6,2.605,1,0.115,37.9105826,-101.6464517
5,B5 SH,2766,72.4,0.289811839,-14.8,32.3,2.436,1,0.077,37.9105826,-101.6464517
3,B5 SH,2766.5,70.61,0.268577972,-15.2,35.2,2.453,1,0.038,37.9105826,-101.6464517
7,B5 LM,2767,57.971,0.254789687,-14.6,33.6,2.572,2,1,37.9105826,-101.6464517
7,B5 LM,2767.5,46.746,0.241795431,-9,25.7,3.046,2,0.95,37.9105826,-101.6464517
8,B5 LM,2768,43.446,0.241546481,0.9,17.15,3.804,2,0.9,37.9105826,-101.6464517
8,B5 LM,2768.5,42.124,0.263636069,5.2,14.1,4.125,2,0.85,37.9105826,-101.6464517
8,B5 LM,2769,46.923,0.311541958,6.1,13.05,4.369,2,0.8,37.9105826,-101.6464517
8,B5 LM,2769.5,64.814,0.379849179,5.2,13,4.438,2,0.75,37.9105826,-101.6464517
8,B5 LM,2770,79.274,0.45591024,5,12.4,4.31,2,0.7,37.9105826,-101.6464517
8,B5 LM,2770.5,88.073,0.529430354,4.7,12.05,4.357,2,0.65,37.9105826,-101.6464517
8,B5 LM,2771,91.345,0.577031986,4.8,11.6,4.317,2,0.6,37.9105826,-101.6464517
8,B5 LM,2771.5,91.434,0.597914471,4.8,11.3,4.397,2,0.55,37.9105826,-101.6464517
8,B5 LM,2772,88.002,0.602059991,4.8,10.5,4.498,2,0.5,37.9105826,-101.6464517
8,B5 LM,2772.5,85.405,0.59900924,4,10.1,4.544,2,0.45,37.9105826,-101.6464517
8,B5 LM,2773,84.348,0.596157081,4.4,10.3,4.503,2,0.4,37.9105826,-101.6464517
8,B5 LM,2773.5,89.329,0.59117595,5,10.8,4.455,2,0.35,37.9105826,-101.6464517
8,B5 LM,2774,85.469,0.581152892,5.2,11.3,4.376,2,0.3,37.9105826,-101.6464517
8,B5 LM,2774.5,84.193,0.564902673,4.7,11.05,4.28,2,0.25,37.9105826,-101.6464517
8,B5 LM,2775,89.404,0.542825427,5.2,10.4,4.126,2,0.2,37.9105826,-101.6464517
8,B5 LM,2775.5,89.947,0.521138084,6.4,9.8,3.921,2,0.15,37.9105826,-101.6464517
8,B5 LM,2776,97.878,0.504334912,7.8,10.3,3.823,2,0.1,37.9105826,-101.6464517
8,B5 LM,2776.5,106.475,0.494154594,9.7,11.55,3.77,2,0.05,37.9105826,-101.6464517
8,B5 LM,2777,110.121,0.488832634,4,16.6,3.331,1,1,37.9105826,-101.6464517
8,B5 LM,2777.5,111.355,0.488127496,-11.5,27.45,2.72,1,0.984,37.9105826,-101.6464517
5,B5 LM,2778,104.598,0.487421211,-12.3,31.95,2.558,1,0.968,37.9105826,-101.6464517
3,C SH,2778.5,101.945,0.486005186,-12.3,33.35,2.573,1,0.952,37.9105826,-101.6464517
3,C SH,2779,96.726,0.483587297,-12.6,33.3,2.552,1,0.935,37.9105826,-101.6464517
3,C SH,2779.5,93.814,0.48029446,-8.3,30.75,2.568,1,0.919,37.9105826,-101.6464517
3,C SH,2780,88.686,0.478277832,-6.3,30.35,2.68,1,0.903,37.9105826,-101.6464517
3,C SH,2780.5,88.001,0.479863113,-7,31.3,2.72,1,0.887,37.9105826,-101.6464517
3,C SH,2781,85.241,0.486572151,-7.9,32.85,2.622,1,0.871,37.9105826,-101.6464517
3,C SH,2781.5,80.347,0.498861689,-10.3,35.05,2.482,1,0.855,37.9105826,-101.6464517
3,C SH,2782,81.821,0.514149134,-12.4,37.9,2.337,1,0.839,37.9105826,-101.6464517
3,C SH,2782.5,79.776,0.527758753,-18.2,41.1,2.116,1,0.823,37.9105826,-101.6464517
3,C SH,2788,75.107,0.480725379,-16,75.5,0.646,1,0.645,37.9105826,-101.6464517
3,C SH,2793.5,88.53,0.635584266,-12.9,33.55,2.682,1,0.468,37.9105826,-101.6464517
3,C SH,2794,82.132,0.629409599,-6.3,28.75,3.064,1,0.452,37.9105826,-101.6464517
3,C SH,2794.5,79.53,0.624282096,-2.9,25.35,3.142,1,0.435,37.9105826,-101.6464517
2,C SH,2795,81.196,0.621280168,-1.4,22.2,3.235,1,0.419,37.9105826,-101.6464517
3,C SH,2795.5,81.671,0.618675539,1.3,17.95,3.343,1,0.403,37.9105826,-101.6464517
2,C SH,2796,81.994,0.617314933,7.7,13.35,3.624,1,0.387,37.9105826,-101.6464517
2,C SH,2796.5,77.9,0.61898892,10.1,12.15,3.645,1,0.371,37.9105826,-101.6464517
2,C SH,2797,77.672,0.622731965,1.7,17.95,3.391,1,0.355,37.9105826,-101.6464517
2,C SH,2797.5,78.003,0.624591459,1.1,20.15,3.366,1,0.339,37.9105826,-101.6464517
2,C SH,2798,79.786,0.621902961,0.7,20.85,3.395,1,0.323,37.9105826,-101.6464517
2,C SH,2798.5,85.068,0.615107987,1.4,19.1,3.479,1,0.306,37.9105826,-101.6464517
2,C SH,2799,90.082,0.605412798,4.9,16.35,3.52,1,0.29,37.9105826,-101.6464517
2,C SH,2799.5,90.381,0.592953572,10.2,13.2,3.749,1,0.274,37.9105826,-101.6464517
2,C SH,2800,90.296,0.578982843,10.2,13.1,3.794,1,0.258,37.9105826,-101.6464517
2,C SH,2800.5,85.317,0.565257343,11.9,13.75,3.776,1,0.242,37.9105826,-101.6464517
2,C SH,2801,84.741,0.549248557,10.1,17.05,3.599,1,0.226,37.9105826,-101.6464517
2,C SH,2801.5,81.491,0.539703239,4.4,22.6,3.399,1,0.21,37.9105826,-101.6464517
2,C SH,2802,85.146,0.536684673,0.4,25,3.19,1,0.194,37.9105826,-101.6464517
2,C SH,2802.5,83.997,0.538070787,-3.9,27.25,2.934,1,0.177,37.9105826,-101.6464517
2,C SH,2803,84.214,0.541454429,-10,30.5,2.647,1,0.161,37.9105826,-101.6464517
2,C SH,2803.5,80.845,0.537567257,-11.6,31.7,2.526,1,0.145,37.9105826,-101.6464517
2,C SH,2804,84.819,0.52530401,-12.5,30.55,2.527,1,0.129,37.9105826,-101.6464517
2,C SH,2804.5,85.426,0.510142699,-14,27.2,2.603,1,0.113,37.9105826,-101.6464517
2,C SH,2805,90.567,0.502153893,-5.6,21,2.726,1,0.097,37.9105826,-101.6464517
2,C SH,2805.5,99.422,0.507720977,-19.6,29.3,2.306,1,0.081,37.9105826,-101.6464517
5,C LM,2808,56.187,0.654657755,-15,25.7,2.893,2,1,37.9105826,-101.6464517
8,C LM,2808.5,35.522,0.70969387,1.4,11.7,3.941,2,0.985,37.9105826,-101.6464517
8,C LM,2809,23.688,0.777571805,-2.2,9.4,4.449,2,0.971,37.9105826,-101.6464517
8,C LM,2809.5,21.307,0.867349617,1.3,6.05,4.611,2,0.956,37.9105826,-101.6464517
8,C LM,2810,26.405,0.963315511,3.7,4.55,4.69,2,0.941,37.9105826,-101.6464517
6,C LM,2810.5,27.73,1.042536137,2.6,5.3,4.753,2,0.926,37.9105826,-101.6464517
8,C LM,2811,28.403,1.091350352,1.8,5.8,4.695,2,0.912,37.9105826,-101.6464517
8,C LM,2811.5,30.292,1.10744741,0.7,5.85,4.608,2,0.897,37.9105826,-101.6464517
8,C LM,2812,30.956,1.107277823,-0.3,5.75,4.557,2,0.882,37.9105826,-101.6464517
8,C LM,2812.5,33.036,1.107820267,-0.6,5.6,4.609,2,0.868,37.9105826,-101.6464517
8,C LM,2813,33.698,1.111262514,-0.3,5.25,4.643,2,0.853,37.9105826,-101.6464517
8,C LM,2813.5,29.775,1.1069724,0.1,4.75,4.66,2,0.838,37.9105826,-101.6464517
8,C LM,2814,24.094,1.089198367,-0.2,4.6,4.665,2,0.824,37.9105826,-101.6464517
8,C LM,2814.5,18.243,1.058501943,0.2,4.4,4.725,2,0.809,37.9105826,-101.6464517
8,C LM,2815,13.893,1.024362504,0.7,4.15,4.748,2,0.794,37.9105826,-101.6464517
8,C LM,2815.5,16.598,0.997648455,1.2,4.4,4.735,2,0.779,37.9105826,-101.6464517
8,C LM,2816,20.988,0.978773784,1.8,5.3,4.724,2,0.765,37.9105826,-101.6464517
8,C LM,2816.5,27.037,0.965201701,1.3,6.95,4.681,2,0.75,37.9105826,-101.6464517
8,C LM,2817,37.72,0.94767874,0,8.1,4.598,2,0.735,37.9105826,-101.6464517
8,C LM,2817.5,43.204,0.927319025,-1,8.2,4.552,2,0.721,37.9105826,-101.6464517
5,C LM,2818,51.049,0.911477217,-0.9,7.35,4.446,2,0.706,37.9105826,-101.6464517
5,C LM,2818.5,57.093,0.905472062,0.9,6.15,4.276,2,0.691,37.9105826,-101.6464517
5,C LM,2819,61.927,0.913707914,3,5.4,4.098,2,0.676,37.9105826,-101.6464517
5,C LM,2819.5,65.863,0.92808846,4.6,5.8,3.984,2,0.662,37.9105826,-101.6464517
5,C LM,2820,68.904,0.939718882,6.1,6.55,3.895,2,0.647,37.9105826,-101.6464517
5,C LM,2820.5,74.014,0.945714714,7,7,3.859,2,0.632,37.9105826,-101.6464517
5,C LM,2821,86.503,0.945960704,6.9,7.05,3.878,2,0.618,37.9105826,-101.6464517
5,C LM,2821.5,109.964,0.949341207,6.1,6.95,3.918,2,0.603,37.9105826,-101.6464517
4,C LM,2822,149.908,0.958372732,5.8,6.6,3.962,2,0.588,37.9105826,-101.6464517
4,C LM,2822.5,174.17,0.972063916,5.3,6.55,4.045,2,0.574,37.9105826,-101.6464517
4,C LM,2823,184.021,0.99100444,5.1,6.55,4.087,2,0.559,37.9105826,-101.6464517
4,C LM,2823.5,179.777,1.011866357,5.1,6.55,4.129,2,0.544,37.9105826,-101.6464517
4,C LM,2824,158.331,1.032739605,5.3,6.55,4.214,2,0.529,37.9105826,-101.6464517
4,C LM,2824.5,127.469,1.05415324,5.3,6.45,4.271,2,0.515,37.9105826,-101.6464517
4,C LM,2825,98.578,1.070000904,5.2,6,4.296,2,0.5,37.9105826,-101.6464517
4,C LM,2825.5,78.954,1.085112113,4.5,5.75,4.253,2,0.485,37.9105826,-101.6464517
4,C LM,2826,67.026,1.093946724,3.5,5.35,4.346,2,0.471,37.9105826,-101.6464517
4,C LM,2826.5,59.712,1.096562438,2.6,5,4.364,2,0.456,37.9105826,-101.6464517
4,C LM,2827,62.048,1.092439911,2.6,4.9,4.394,2,0.441,37.9105826,-101.6464517
4,C LM,2827.5,73.528,1.081995025,3,5.2,4.398,2,0.426,37.9105826,-101.6464517
5,C LM,2828,83.486,1.066251362,3.6,5.7,4.386,2,0.412,37.9105826,-101.6464517
4,C LM,2828.5,82.963,1.045283851,4.4,6.2,4.33,2,0.397,37.9105826,-101.6464517
4,C LM,2829,78.22,1.019946682,4.2,7.1,4.343,2,0.382,37.9105826,-101.6464517
6,C LM,2829.5,65.966,0.996686756,3.6,7.5,4.419,2,0.368,37.9105826,-101.6464517
6,C LM,2830,46.376,0.984347258,2.1,7.75,4.476,2,0.353,37.9105826,-101.6464517
8,C LM,2830.5,32.286,0.988648125,0.6,8.3,4.514,2,0.338,37.9105826,-101.6464517
8,C LM,2831,31.293,1.000217093,-0.1,8.65,4.64,2,0.324,37.9105826,-101.6464517
8,C LM,2831.5,36.538,1.005609445,-0.7,8.45,4.698,2,0.309,37.9105826,-101.6464517
8,C LM,2832,50.142,0.991624735,-0.5,7.55,4.586,2,0.294,37.9105826,-101.6464517
6,C LM,2832.5,58.872,0.951483231,0.7,6.75,4.493,2,0.279,37.9105826,-101.6464517
5,C LM,2833,62.932,0.892484179,2.1,6.45,4.454,2,0.265,37.9105826,-101.6464517
5,C LM,2833.5,67.306,0.835753968,3,6.5,4.409,2,0.25,37.9105826,-101.6464517
8,C LM,2834,67.731,0.794418331,-2.8,10.5,3.691,2,0.235,37.9105826,-101.6464517
2,C LM,2837,78.049,0.618884485,-12.1,21.45,2.608,2,0.147,37.9105826,-101.6464517
2,C LM,2837.5,75.925,0.631545228,-6.9,19.25,2.826,2,0.132,37.9105826,-101.6464517
3,C LM,2838,77.553,0.666424373,-8.4,22.6,2.84,2,0.118,37.9105826,-101.6464517
2,C LM,2838.5,71.921,0.710963119,-6.1,23.35,2.899,2,0.103,37.9105826,-101.6464517
3,C LM,2839,61.939,0.745230985,-6.5,22.85,2.917,2,0.088,37.9105826,-101.6464517
3,C LM,2839.5,51.987,0.765668555,-3.8,18.7,3.022,2,0.074,37.9105826,-101.6464517
3,C LM,2840,41.019,0.772761647,1.1,13.45,3.298,2,0.059,37.9105826,-101.6464517
8,C LM,2840.5,34.314,0.775537635,3.1,9.25,3.521,2,0.044,37.9105826,-101.6464517
8,C LM,2841,36.958,0.782615932,5,7.1,3.59,2,0.029,37.9105826,-101.6464517
8,C LM,2841.5,40.572,0.793650718,6.8,7.3,3.518,2,0.015,37.9105826,-101.6464517